module,case,blocks,block_align,direct_run_len,region_reps,layout,pos,cpu-cycles:u,instructions:u,br_retired:u,br_mis_pred:u,l1i_cache:u,l1i_cache_refill:u,l1i_tlb:u,l1i_tlb_refill:u,l2i_cache:u,l2i_cache_refill:u,l2i_tlb:u,l2i_tlb_refill:u,ipc,l1i_miss_rate,l1i_tlb_miss_rate,l2i_miss_rate,l2i_tlb_miss_rate,br_retired_mpki,br_mis_pred_mpki,l1i_cache_mpki,l1i_cache_refill_mpki,l1i_tlb_mpki,l1i_tlb_refill_mpki,l2i_cache_mpki,l2i_cache_refill_mpki,l2i_tlb_mpki,l2i_tlb_refill_mpki
cold_block_sequence,cold_b1000_d1_linear,1000,64,1,1,linear,1,30362333,28170342,3049385,967200,21474922,7553,14705513,390,7551,4967,568,350,0.9278,0.0004,0.0000,0.6578,0.6162,108.2481,34.3340,762.3238,0.2681,522.0211,0.0138,0.2680,0.1763,0.0202,0.0124
cold_block_sequence,cold_b1000_d1_bitrev,1000,64,1,1,in_page_shuffle,1,29485223,28170340,3049385,929213,18892524,10873,13215739,430,10872,5941,949,345,0.9554,0.0006,0.0000,0.5464,0.3635,108.2481,32.9855,670.6530,0.3860,469.1367,0.0153,0.3859,0.2109,0.0337,0.0122
cold_block_sequence,cold_b1000_d2_linear,1000,64,2,1,linear,1,16617053,22170342,2049385,480120,11206860,5709,8790033,211,5707,4842,303,141,1.3342,0.0005,0.0000,0.8484,0.4653,92.4381,21.6560,505.4888,0.2575,396.4771,0.0095,0.2574,0.2184,0.0137,0.0064
cold_block_sequence,cold_b1000_d2_bitrev,1000,64,2,1,in_page_shuffle,1,16315866,22170342,2049385,461156,10769652,6286,8421261,212,6284,4939,289,142,1.3588,0.0006,0.0000,0.7860,0.4913,92.4381,20.8006,485.7684,0.2835,379.8435,0.0096,0.2834,0.2228,0.0130,0.0064
cold_block_sequence,cold_b1000_d4_linear,1000,64,4,1,linear,1,9850703,19170382,1549393,241102,5447671,8604,4702998,233,8602,5222,376,198,1.9461,0.0016,0.0000,0.6071,0.5266,80.8222,12.5768,284.1712,0.4488,245.3263,0.0122,0.4487,0.2724,0.0196,0.0103
cold_block_sequence,cold_b1000_d4_bitrev,1000,64,4,1,in_page_shuffle,1,9736590,19170328,1549383,233109,5183684,6450,4444142,262,6448,4856,368,216,1.9689,0.0012,0.0001,0.7531,0.5870,80.8219,12.1599,270.4014,0.3365,231.8240,0.0137,0.3364,0.2533,0.0192,0.0113
cold_block_sequence,cold_b1000_d8_linear,1000,64,8,1,linear,1,6499598,17671726,1299790,123112,3077464,5267,2799088,207,5264,4516,307,133,2.7189,0.0017,0.0001,0.8579,0.4332,73.5520,6.9666,174.1462,0.2980,158.3936,0.0117,0.2979,0.2555,0.0174,0.0075
cold_block_sequence,cold_b1000_d8_bitrev,1000,64,8,1,in_page_shuffle,1,6477284,17670384,1299393,119110,2923834,5763,2650715,286,5609,4819,421,203,2.7281,0.0020,0.0001,0.8592,0.4822,73.5351,6.7407,165.4652,0.3261,150.0089,0.0162,0.3174,0.2727,0.0238,0.0115
cold_block_sequence,cold_b1000_d16_linear,1000,64,16,1,linear,1,4825946,16926391,1175394,66066,2089487,5772,1985106,254,5768,4678,389,225,3.5074,0.0028,0.0001,0.8110,0.5784,69.4415,3.9031,123.4455,0.3410,117.2788,0.0150,0.3408,0.2764,0.0230,0.0133
cold_block_sequence,cold_b1000_d16_bitrev,1000,64,16,1,in_page_shuffle,1,4887007,16926404,1175392,64089,2011328,5694,1910866,275,5440,4288,393,232,3.4636,0.0028,0.0001,0.7882,0.5903,69.4413,3.7863,118.8278,0.3364,112.8926,0.0162,0.3214,0.2533,0.0232,0.0137
cold_block_sequence,cold_b2000_d1_linear,2000,64,1,1,linear,1,62677606,56170342,6049385,1971898,44212884,113127,30271874,423,113125,6846,804,386,0.8962,0.0026,0.0000,0.0605,0.4801,107.6971,35.1057,787.1215,2.0140,538.9299,0.0075,2.0140,0.1219,0.0143,0.0069
cold_block_sequence,cold_b2000_d1_bitrev,2000,64,1,1,in_page_shuffle,1,62425432,56170403,6049396,1953304,40286410,107117,28171781,893,107126,7429,2220,739,0.8998,0.0027,0.0000,0.0693,0.3329,107.6972,34.7746,717.2177,1.9070,501.5414,0.0159,1.9072,0.1323,0.0395,0.0132
cold_block_sequence,cold_b2000_d2_linear,2000,64,2,1,linear,1,34400270,44170342,4049385,981168,23125576,97634,18082038,272,97632,6984,405,233,1.2840,0.0042,0.0000,0.0715,0.5753,91.6766,22.2133,523.5544,2.2104,409.3706,0.0062,2.2104,0.1581,0.0092,0.0053
cold_block_sequence,cold_b2000_d2_bitrev,2000,64,2,1,in_page_shuffle,1,34346421,44170345,4049385,975079,22789742,90127,17783895,410,90125,6474,592,371,1.2860,0.0040,0.0000,0.0718,0.6267,91.6766,22.0754,515.9512,2.0404,402.6207,0.0093,2.0404,0.1466,0.0134,0.0084
cold_block_sequence,cold_b2000_d4_linear,2000,64,4,1,linear,1,20364370,38170403,3049396,491115,11146620,88966,9614890,270,88964,5418,450,217,1.8744,0.0080,0.0000,0.0609,0.4822,79.8890,12.8664,292.0226,2.3308,251.8939,0.0071,2.3307,0.1419,0.0118,0.0057
cold_block_sequence,cold_b2000_d4_bitrev,2000,64,4,1,in_page_shuffle,1,20640236,38171545,3049761,489149,10937631,84050,9394706,350,84047,5663,590,310,1.8494,0.0077,0.0000,0.0674,0.5254,79.8962,12.8145,286.5389,2.2019,246.1180,0.0092,2.2018,0.1484,0.0155,0.0081
cold_block_sequence,cold_b2000_d8_linear,2000,64,8,1,linear,1,13425385,35170345,2549385,248149,6169993,87191,5641798,239,87189,5725,405,161,2.6197,0.0141,0.0000,0.0657,0.3975,72.4868,7.0556,175.4317,2.4791,160.4135,0.0068,2.4790,0.1628,0.0115,0.0046
cold_block_sequence,cold_b2000_d8_bitrev,2000,64,8,1,in_page_shuffle,1,13700320,35170404,2549396,247110,6111621,77327,5579961,293,77322,6289,432,255,2.5671,0.0127,0.0001,0.0813,0.5903,72.4870,7.0261,173.7717,2.1986,158.6550,0.0083,2.1985,0.1788,0.0123,0.0073
cold_block_sequence,cold_b2000_d16_linear,2000,64,16,1,linear,1,9938740,33670330,2299383,128085,4088772,85344,3936199,304,85341,5638,457,241,3.3878,0.0209,0.0001,0.0661,0.5274,68.2911,3.8041,121.4355,2.5347,116.9041,0.0090,2.5346,0.1674,0.0136,0.0072
cold_block_sequence,cold_b2000_d16_bitrev,2000,64,16,1,in_page_shuffle,1,10092351,33670331,2299383,128085,4070997,80626,3913502,581,80622,6050,784,518,3.3362,0.0198,0.0001,0.0750,0.6607,68.2911,3.8041,120.9075,2.3946,116.2300,0.0173,2.3945,0.1797,0.0233,0.0154
cold_block_sequence,cold_b3000_d1_linear,3000,64,1,1,linear,1,123503102,84172803,9049820,2983679,89729152,3017913,62896471,696,3017907,8189,1061,654,0.6815,0.0336,0.0000,0.0027,0.6164,107.5148,35.4471,1066.0112,35.8538,747.2303,0.0083,35.8537,0.0973,0.0126,0.0078
cold_block_sequence,cold_b3000_d1_bitrev,3000,64,1,1,in_page_shuffle,1,122728951,84170334,9049379,2966221,88438575,3015340,61990981,1159,3015330,9010,3380,1118,0.6858,0.0341,0.0000,0.0030,0.3308,107.5127,35.2407,1050.7096,35.8243,736.4944,0.0138,35.8241,0.1070,0.0402,0.0133
cold_block_sequence,cold_b3000_d2_linear,3000,64,2,1,linear,1,70173715,66170340,6049385,1478618,48843843,3017371,37055363,739,3017294,35279,1564,701,0.9430,0.0618,0.0000,0.0117,0.4482,91.4214,22.3456,738.1531,45.6001,559.9996,0.0112,45.5989,0.5332,0.0236,0.0106
cold_block_sequence,cold_b3000_d2_bitrev,3000,64,2,1,in_page_shuffle,1,68151427,66169975,6049334,1449274,45480072,3016731,34815051,702,3016667,8741,1949,656,0.9709,0.0663,0.0000,0.0029,0.3366,91.4211,21.9023,687.3219,45.5906,526.1457,0.0106,45.5897,0.1321,0.0295,0.0099
cold_block_sequence,cold_b3000_d4_linear,3000,64,4,1,linear,1,39040286,57170401,4549396,742106,23061796,3014976,19370873,766,3014920,10809,1465,739,1.4644,0.1307,0.0000,0.0036,0.5044,79.5761,12.9806,403.3870,52.7367,338.8270,0.0134,52.7357,0.1891,0.0256,0.0129
cold_block_sequence,cold_b3000_d4_bitrev,3000,64,4,1,in_page_shuffle,1,40095475,57170399,4549396,729141,22227772,3018929,18787179,998,3018922,7989,1749,955,1.4259,0.1358,0.0001,0.0026,0.5460,79.5761,12.7538,388.7986,52.8058,328.6172,0.0175,52.8057,0.1397,0.0306,0.0167
cold_block_sequence,cold_b3000_d8_linear,3000,64,8,1,linear,1,25235350,52670377,3799395,373124,11707962,3014500,10559329,467,3014339,28293,897,404,2.0872,0.2575,0.0000,0.0094,0.4504,72.1353,7.0841,222.2874,57.2333,200.4795,0.0089,57.2303,0.5372,0.0170,0.0077
cold_block_sequence,cold_b3000_d8_bitrev,3000,64,8,1,in_page_shuffle,1,24907674,52670402,3799395,367129,11612196,3017521,10489377,238,3017442,7752,334,174,2.1146,0.2599,0.0000,0.0026,0.5210,72.1353,6.9703,220.4691,57.2906,199.1513,0.0045,57.2891,0.1472,0.0063,0.0033
cold_block_sequence,cold_b3000_d16_linear,3000,64,16,1,linear,1,16915112,50426343,3425385,191114,7797033,3020007,7392917,509,3019989,8396,983,406,2.9811,0.3873,0.0001,0.0028,0.4130,67.9285,3.7900,154.6222,59.8895,146.6082,0.0101,59.8891,0.1665,0.0195,0.0081
cold_block_sequence,cold_b3000_d16_bitrev,3000,64,16,1,in_page_shuffle,1,17839555,50426340,3425385,188078,7256161,3020154,6859609,346,3020148,8651,523,287,2.8267,0.4162,0.0001,0.0029,0.5488,67.9285,3.7298,143.8962,59.8924,136.0323,0.0069,59.8923,0.1716,0.0104,0.0057
cold_block_sequence,cold_b4000_d1_linear,4000,64,1,1,linear,1,167776456,112174761,12050173,3993055,120100130,4019293,84130700,1155,4019284,12186,1575,985,0.6686,0.0335,0.0000,0.0030,0.6254,107.4232,35.5967,1070.6520,35.8306,749.9967,0.0103,35.8306,0.1086,0.0140,0.0088
cold_block_sequence,cold_b4000_d1_bitrev,4000,64,1,1,in_page_shuffle,1,170455143,112170336,12049380,3999578,119788505,4020834,83822154,2018,4020822,19664,5685,1926,0.6581,0.0336,0.0000,0.0049,0.3388,107.4204,35.6563,1067.9161,35.8458,747.2756,0.0180,35.8457,0.1753,0.0507,0.0172
cold_block_sequence,cold_b4000_d2_linear,4000,64,2,1,linear,1,93460325,88170342,8049385,1976565,65253625,4019505,49479949,1489,4019317,11152,3029,1407,0.9434,0.0616,0.0000,0.0028,0.4645,91.2936,22.4176,740.0859,45.5879,561.1859,0.0169,45.5858,0.1265,0.0344,0.0160
cold_block_sequence,cold_b4000_d2_bitrev,4000,64,2,1,in_page_shuffle,1,92273447,88170340,8049385,1962532,61736799,4018944,47226455,1419,4018904,10544,2254,990,0.9555,0.0651,0.0000,0.0026,0.4392,91.2936,22.2584,700.1992,45.5816,535.6275,0.0161,45.5811,0.1196,0.0256,0.0112
cold_block_sequence,cold_b4000_d4_linear,4000,64,4,1,linear,1,52211894,76170342,6049385,992135,30850109,4020417,25854007,1225,4020408,10375,2412,1111,1.4589,0.1303,0.0000,0.0026,0.4606,79.4192,13.0252,405.0147,52.7819,339.4235,0.0161,52.7818,0.1362,0.0317,0.0146
cold_block_sequence,cold_b4000_d4_bitrev,4000,64,4,1,in_page_shuffle,1,54403942,76172614,6049793,986177,30102036,4020354,25428373,1310,4020340,11454,2407,1121,1.4001,0.1336,0.0001,0.0028,0.4657,79.4222,12.9466,395.1819,52.7795,333.8257,0.0172,52.7793,0.1504,0.0316,0.0147
cold_block_sequence,cold_b4000_d8_linear,4000,64,8,1,linear,1,33162713,70169974,5049334,498102,15714588,4017957,14194061,1146,4017906,36425,2160,998,2.1159,0.2557,0.0001,0.0091,0.4620,71.9586,7.0985,223.9503,57.2603,202.2811,0.0163,57.2596,0.5191,0.0308,0.0142
cold_block_sequence,cold_b4000_d8_bitrev,4000,64,8,1,in_page_shuffle,1,33311398,70171543,5049761,495110,15603255,4020689,14082564,847,4020599,10230,1307,758,2.1065,0.2577,0.0001,0.0025,0.5800,71.9631,7.0557,222.3587,57.2980,200.6877,0.0121,57.2967,0.1458,0.0186,0.0108
cold_block_sequence,cold_b4000_d16_linear,4000,64,16,1,linear,1,22454339,67170398,4549396,253118,10364404,4021755,9827795,289,4021518,14305,512,187,2.9914,0.3880,0.0000,0.0036,0.3652,67.7292,3.7683,154.3002,59.8739,146.3114,0.0043,59.8704,0.2130,0.0076,0.0028
cold_block_sequence,cold_b4000_d16_bitrev,4000,64,16,1,in_page_shuffle,1,23145166,67170342,4549385,252161,9725321,4021943,9181622,391,4021926,9993,590,313,2.9021,0.4136,0.0000,0.0025,0.5305,67.7291,3.7541,144.7859,59.8768,136.6916,0.0058,59.8765,0.1488,0.0088,0.0047
cold_block_sequence,cold_b5000_d1_linear,5000,64,1,1,linear,1,211604811,140170341,15049380,4979892,150207708,5022025,105041574,2521,5021537,179688,3221,2261,0.6624,0.0334,0.0000,0.0358,0.7020,107.3649,35.5274,1071.6084,35.8280,749.3852,0.0180,35.8245,1.2819,0.0230,0.0161
cold_block_sequence,cold_b5000_d1_bitrev,5000,64,1,1,in_page_shuffle,1,209671050,140176972,15050569,5009117,150583675,5023931,105295099,4167,5023923,199683,8708,3406,0.6686,0.0334,0.0000,0.0397,0.3911,107.3683,35.7342,1074.2397,35.8399,751.1583,0.0297,35.8399,1.4245,0.0621,0.0243
cold_block_sequence,cold_b5000_d2_linear,5000,64,2,1,linear,1,115281398,110170540,10049416,2477341,81676862,5020122,61967200,1736,5020035,25793,3451,1272,0.9557,0.0615,0.0000,0.0051,0.3686,91.2169,22.4864,741.3675,45.5668,562.4662,0.0158,45.5660,0.2341,0.0313,0.0115
cold_block_sequence,cold_b5000_d2_bitrev,5000,64,2,1,in_page_shuffle,1,123653678,110172554,10049776,2472334,76503817,5031757,59151191,476,5031723,195968,846,415,0.8910,0.0658,0.0000,0.0389,0.4905,91.2185,22.4406,694.4000,45.6716,536.8959,0.0043,45.6713,1.7787,0.0077,0.0038
cold_block_sequence,cold_b5000_d4_linear,5000,64,4,1,linear,1,72234600,95170350,7549385,1236167,39028388,5024391,32615731,1103,5024266,158415,2158,977,1.3175,0.1287,0.0000,0.0315,0.4527,79.3250,12.9890,410.0898,52.7937,342.7090,0.0116,52.7923,1.6645,0.0227,0.0103
cold_block_sequence,cold_b5000_d4_bitrev,5000,64,4,1,in_page_shuffle,1,68306477,95170352,7549385,1235697,37574589,5023530,31796426,1376,5023406,13403,2061,1116,1.3933,0.1337,0.0000,0.0027,0.5415,79.3250,12.9841,394.8140,52.7846,334.1001,0.0145,52.7833,0.1408,0.0217,0.0117
cold_block_sequence,cold_b5000_d8_linear,5000,64,8,1,linear,1,40872517,87670349,6299385,624106,19792513,5022936,17849802,1129,5022921,12246,2465,1032,2.1450,0.2538,0.0001,0.0024,0.4187,71.8531,7.1188,225.7606,57.2934,203.6014,0.0129,57.2933,0.1397,0.0281,0.0118
cold_block_sequence,cold_b5000_d8_bitrev,5000,64,8,1,in_page_shuffle,1,42016855,87672819,6299824,624169,19679441,5022627,17883575,850,5022572,18533,1502,767,2.0866,0.2552,0.0000,0.0037,0.5107,71.8561,7.1193,224.4646,57.2883,203.9808,0.0097,57.2877,0.2114,0.0171,0.0087
cold_block_sequence,cold_b5000_d16_linear,5000,64,16,1,linear,1,28324377,83926347,5675385,316143,12937410,5023141,12307875,1071,5023003,34055,2172,1000,2.9630,0.3883,0.0001,0.0068,0.4604,67.6234,3.7669,154.1519,59.8518,146.6509,0.0128,59.8501,0.4058,0.0259,0.0119
cold_block_sequence,cold_b5000_d16_bitrev,5000,64,16,1,in_page_shuffle,1,28932630,83926349,5675385,316125,12185346,5023906,11532532,718,5023684,12523,1057,652,2.9008,0.4123,0.0001,0.0025,0.6168,67.6234,3.7667,145.1909,59.8609,137.4125,0.0086,59.8582,0.1492,0.0126,0.0078
cold_block_sequence,cold_b6000_d1_linear,6000,64,1,1,linear,1,259171525,168170402,18049391,5990374,179914435,6028082,125581373,6214,6028071,203779,9214,3822,0.6489,0.0335,0.0000,0.0338,0.4148,107.3280,35.6209,1069.8341,35.8451,746.7507,0.0370,35.8450,1.2117,0.0548,0.0227
cold_block_sequence,cold_b6000_d1_bitrev,6000,64,1,1,in_page_shuffle,1,252587520,168170534,18049411,5984830,179256030,6029154,125421598,4287,6029145,134358,7843,2349,0.6658,0.0336,0.0000,0.0223,0.2995,107.3280,35.5879,1065.9182,35.8514,745.8001,0.0255,35.8514,0.7989,0.0466,0.0140
cold_block_sequence,cold_b6000_d2_linear,6000,64,2,1,linear,1,140764946,132170344,12049380,2977535,97908283,6021688,74416970,2222,6021534,32395,4748,1853,0.9389,0.0615,0.0000,0.0054,0.3903,91.1655,22.5280,740.7735,45.5601,563.0383,0.0168,45.5589,0.2451,0.0359,0.0140
cold_block_sequence,cold_b6000_d2_bitrev,6000,64,2,1,in_page_shuffle,1,148799861,132170349,12049380,2953624,92868224,6033104,70978723,3981,6033079,175362,6651,2726,0.8882,0.0650,0.0001,0.0291,0.4099,91.1655,22.3471,702.6404,45.6464,537.0246,0.0301,45.6462,1.3268,0.0503,0.0206
cold_block_sequence,cold_b6000_d4_linear,6000,64,4,1,linear,1,86102672,114174834,9050190,1486841,46427637,6023411,39265432,2284,6023199,148766,4122,1150,1.3260,0.1297,0.0001,0.0247,0.2790,79.2661,13.0225,406.6363,52.7560,343.9062,0.0200,52.7542,1.3030,0.0361,0.0101
cold_block_sequence,cold_b6000_d4_bitrev,6000,64,4,1,in_page_shuffle,1,82127250,114170349,9049385,1476436,45236464,6030397,38324046,2520,6030385,24029,4297,1675,1.3902,0.1333,0.0001,0.0040,0.3898,79.2621,12.9319,396.2190,52.8193,335.6742,0.0221,52.8192,0.2105,0.0376,0.0147
cold_block_sequence,cold_b6000_d8_linear,6000,64,8,1,linear,1,48666184,105170347,7549385,748653,23742181,6022683,21447920,2125,6022555,15640,3224,748,2.1611,0.2537,0.0001,0.0026,0.2320,71.7824,7.1185,225.7498,57.2660,203.9351,0.0202,57.2648,0.1487,0.0307,0.0071
cold_block_sequence,cold_b6000_d8_bitrev,6000,64,8,1,in_page_shuffle,1,50313244,105170406,7549396,743846,23751221,6026181,21498419,554,6026020,14930,783,247,2.0903,0.2537,0.0000,0.0025,0.3155,71.7825,7.0728,225.8356,57.2992,204.4151,0.0053,57.2977,0.1420,0.0074,0.0023
cold_block_sequence,cold_b6000_d16_linear,6000,64,16,1,linear,1,34520151,100670349,6799385,378542,16007822,6023553,15204842,1750,6022655,81741,2976,1093,2.9163,0.3763,0.0001,0.0136,0.3673,67.5411,3.7602,159.0123,59.8344,151.0360,0.0174,59.8255,0.8120,0.0296,0.0109
cold_block_sequence,cold_b6000_d16_bitrev,6000,64,16,1,in_page_shuffle,1,34848883,100670347,6799384,376590,14795449,6026000,13993368,1551,6025914,17228,2323,1347,2.8888,0.4073,0.0001,0.0029,0.5799,67.5411,3.7408,146.9693,59.8587,139.0019,0.0154,59.8579,0.1711,0.0231,0.0134
cold_block_sequence,cold_b7000_d1_linear,7000,64,1,1,linear,1,285714498,196208402,21049392,6981070,193626052,7054757,135556787,91797,7053883,236048,105075,4714,0.6867,0.0364,0.0007,0.0335,0.0449,107.2808,35.5799,986.8387,35.9554,690.8817,0.4679,35.9510,1.2030,0.5355,0.0240
cold_block_sequence,cold_b7000_d1_bitrev,7000,64,1,1,in_page_shuffle,1,302773656,196212892,21050196,6977951,200817891,7105693,139075535,43680,7105453,724685,52460,5038,0.6481,0.0354,0.0003,0.1020,0.0960,107.2824,35.5632,1023.4694,36.2142,708.7992,0.2226,36.2130,3.6934,0.2674,0.0257
cold_block_sequence,cold_b7000_d2_linear,7000,64,2,1,linear,1,158945325,154208341,14049380,3476944,104088742,7062555,81317995,95094,7061002,178551,113005,1840,0.9702,0.0679,0.0012,0.0253,0.0163,91.1065,22.5471,674.9878,45.7988,527.3255,0.6167,45.7887,1.1579,0.7328,0.0119
cold_block_sequence,cold_b7000_d2_bitrev,7000,64,2,1,in_page_shuffle,1,188144734,154208402,14049392,3465284,110485075,7168819,85078655,42336,7168414,428053,50121,4057,0.8196,0.0649,0.0005,0.0597,0.0809,91.1065,22.4714,716.4660,46.4879,551.7122,0.2745,46.4852,2.7758,0.3250,0.0263
cold_block_sequence,cold_b7000_d4_linear,7000,64,4,1,linear,1,98809936,133208406,10549395,1736948,52393269,7054800,45045780,98011,7051777,221091,127897,3066,1.3481,0.1347,0.0022,0.0314,0.0240,79.1947,13.0393,393.3180,52.9606,338.1602,0.7358,52.9379,1.6597,0.9601,0.0230
cold_block_sequence,cold_b7000_d4_bitrev,7000,64,4,1,in_page_shuffle,1,116490614,133210560,10549782,1732849,61826202,7158180,53063205,44370,7157922,236687,53489,3203,1.1435,0.1158,0.0008,0.0331,0.0599,79.1963,13.0083,464.1239,53.7358,398.3408,0.3331,53.7339,1.7768,0.4015,0.0240
cold_block_sequence,cold_b7000_d8_linear,7000,64,8,1,linear,1,65279177,122708349,8799385,875487,31495071,7042481,28880588,97297,7033201,232869,136713,1398,1.8797,0.2236,0.0034,0.0331,0.0102,71.7097,7.1347,256.6661,57.3920,235.3596,0.7929,57.3164,1.8977,1.1141,0.0114
cold_block_sequence,cold_b7000_d8_bitrev,7000,64,8,1,in_page_shuffle,1,81602447,122708405,8799396,873441,40966229,7205968,37241539,45888,7205018,378826,56766,2261,1.5037,0.1759,0.0012,0.0526,0.0398,71.7098,7.1180,333.8502,58.7243,303.4962,0.3740,58.7166,3.0872,0.4626,0.0184
cold_block_sequence,cold_b7000_d16_linear,7000,64,16,1,linear,1,50802833,117464408,7925396,441889,22194665,7037350,21325684,97843,7028486,285051,138181,1280,2.3122,0.3171,0.0046,0.0406,0.0093,67.4706,3.7619,188.9480,59.9105,181.5502,0.8330,59.8350,2.4267,1.1764,0.0109
cold_block_sequence,cold_b7000_d16_bitrev,7000,64,16,1,in_page_shuffle,1,61603515,117464350,7925385,441386,31172259,7165911,29711478,45388,7165155,81878,54410,776,1.9068,0.2299,0.0015,0.0114,0.0143,67.4706,3.7576,265.3763,61.0050,252.9404,0.3864,60.9985,0.6970,0.4632,0.0066
cold_block_sequence,cold_b8000_d1_linear,8000,64,1,1,linear,1,339149152,224208405,24049391,7975383,208472061,8064998,146389135,112275,8050065,1066315,144660,4426,0.6611,0.0387,0.0008,0.1325,0.0306,107.2636,35.5713,929.8138,35.9710,652.9155,0.5008,35.9044,4.7559,0.6452,0.0197
cold_block_sequence,cold_b8000_d1_bitrev,8000,64,1,1,in_page_shuffle,1,364698988,224210615,24049788,8002386,222304608,8184434,153828137,115915,8183120,1588600,126309,9007,0.6148,0.0368,0.0008,0.1941,0.0713,107.2643,35.6914,991.4990,36.5033,686.0877,0.5170,36.4975,7.0853,0.5633,0.0402
cold_block_sequence,cold_b8000_d2_linear,8000,64,2,1,linear,1,181613876,176208404,16049392,3977815,115786614,8070059,90276796,114468,8063639,401856,172923,3628,0.9702,0.0697,0.0013,0.0498,0.0210,91.0819,22.5745,657.1004,45.7984,512.3297,0.6496,45.7619,2.2806,0.9814,0.0206
cold_block_sequence,cold_b8000_d2_bitrev,8000,64,2,1,in_page_shuffle,1,213579748,176208343,16049380,3976658,130646476,8240856,101850146,116024,8240222,673770,130560,5390,0.8250,0.0631,0.0011,0.0818,0.0413,91.0818,22.5679,741.4318,46.7677,578.0098,0.6584,46.7641,3.8237,0.7409,0.0306
cold_block_sequence,cold_b8000_d4_linear,8000,64,4,1,linear,1,113732264,152208353,12049385,1987421,60193803,8061679,52562960,118426,8052437,403924,188727,1961,1.3383,0.1339,0.0023,0.0502,0.0104,79.1638,13.0572,395.4698,52.9648,345.3356,0.7781,52.9040,2.6538,1.2399,0.0129
cold_block_sequence,cold_b8000_d4_bitrev,8000,64,4,1,in_page_shuffle,1,137456398,152212777,12050176,1988413,77371079,8257249,66917057,116292,8256763,176107,128181,3769,1.1074,0.1067,0.0017,0.0213,0.0294,79.1667,13.0634,508.3087,54.2481,439.6284,0.7640,54.2449,1.1570,0.8421,0.0248
cold_block_sequence,cold_b8000_d8_linear,8000,64,8,1,linear,1,78716703,140210563,10049781,999483,37246527,8041945,34596974,118692,8032703,244021,219468,2387,1.7812,0.2159,0.0034,0.0304,0.0109,71.6763,7.1284,265.6471,57.3562,246.7501,0.8465,57.2903,1.7404,1.5653,0.0170
cold_block_sequence,cold_b8000_d8_bitrev,8000,64,8,1,in_page_shuffle,1,104518641,140209608,10049772,999538,54251381,8294738,49081800,44807,8294093,146547,56488,1734,1.3415,0.1529,0.0009,0.0177,0.0307,71.6768,7.1289,386.9306,59.1596,350.0602,0.3196,59.1550,1.0452,0.4029,0.0124
cold_block_sequence,cold_b8000_d16_linear,8000,64,16,1,linear,1,62905913,134208355,9049385,504662,27239108,8023458,26506345,119520,8011639,316643,195786,441,2.1335,0.2946,0.0045,0.0395,0.0023,67.4279,3.7603,202.9613,59.7836,197.5015,0.8906,59.6955,2.3593,1.4588,0.0033
cold_block_sequence,cold_b8000_d16_bitrev,8000,64,16,1,in_page_shuffle,1,83663193,134208405,9049396,504678,42591515,8245279,41312574,117103,8241934,482649,125144,1704,1.6042,0.1936,0.0028,0.0586,0.0136,67.4279,3.7604,317.3536,61.4364,307.8240,0.8725,61.4115,3.5963,0.9325,0.0127
cold_block_sequence,cold_b9000_d1_linear,9000,64,1,1,linear,1,364465380,252223000,27050570,8975473,223120069,9082278,157489502,130001,9060959,1254531,186056,6944,0.6920,0.0407,0.0008,0.1385,0.0373,107.2486,35.5855,884.6143,36.0089,624.4058,0.5154,35.9244,4.9739,0.7377,0.0275
cold_block_sequence,cold_b9000_d1_bitrev,9000,64,1,1,in_page_shuffle,1,401372773,252216424,27049391,8987356,237447840,9307974,166166163,147815,9307332,1507415,157191,8434,0.6284,0.0392,0.0009,0.1620,0.0537,107.2467,35.6335,941.4448,36.9047,658.8237,0.5861,36.9022,5.9767,0.6232,0.0334
cold_block_sequence,cold_b9000_d2_linear,9000,64,2,1,linear,1,213638471,198216365,18049380,4482985,128367827,9078951,100801006,130512,9047118,1209228,226333,4870,0.9278,0.0707,0.0013,0.1337,0.0215,91.0590,22.6166,647.6147,45.8032,508.5403,0.6584,45.6426,6.1005,1.1418,0.0246
cold_block_sequence,cold_b9000_d2_bitrev,9000,64,2,1,in_page_shuffle,1,236493360,198220821,18050180,4458258,143375865,9408159,111471734,160009,9407570,628014,186982,4885,0.8382,0.0656,0.0014,0.0668,0.0261,91.0610,22.4914,723.3138,47.4630,562.3614,0.8072,47.4600,3.1683,0.9433,0.0246
cold_block_sequence,cold_b9000_d4_linear,9000,64,4,1,linear,1,129125187,171218576,13549777,2238226,68183704,9054337,59762510,137521,9042445,326710,243318,3377,1.3260,0.1328,0.0023,0.0361,0.0139,79.1373,13.0723,398.2261,52.8817,349.0422,0.8032,52.8123,1.9081,1.4211,0.0197
cold_block_sequence,cold_b9000_d4_bitrev,9000,64,4,1,in_page_shuffle,1,164498361,171216617,13549422,2229061,89197016,9388068,76954666,152534,9384202,761983,187964,3676,1.0408,0.1053,0.0020,0.0812,0.0196,79.1361,13.0190,520.9600,54.8315,449.4579,0.8909,54.8089,4.4504,1.0978,0.0215
cold_block_sequence,cold_b9000_d8_linear,9000,64,8,1,linear,1,93406605,157718582,11299782,1121861,42478078,9040091,39981561,133648,9035515,190481,314236,1689,1.6885,0.2128,0.0033,0.0211,0.0054,71.6452,7.1131,269.3283,57.3179,253.4994,0.8474,57.2888,1.2077,1.9924,0.0107
cold_block_sequence,cold_b9000_d8_bitrev,9000,64,8,1,in_page_shuffle,1,121695434,157716361,11299379,1118237,64730689,9373840,59992274,151670,9372476,289258,186278,2199,1.2960,0.1448,0.0025,0.0309,0.0118,71.6437,7.0902,410.4247,59.4348,380.3808,0.9617,59.4261,1.8340,1.1811,0.0139
cold_block_sequence,cold_b9000_d16_linear,9000,64,16,1,linear,1,75838047,150972430,10175396,568403,32693963,9028194,31697702,138556,9011447,467105,238576,1283,1.9907,0.2761,0.0044,0.0518,0.0054,67.3990,3.7649,216.5559,59.8003,209.9569,0.9178,59.6894,3.0940,1.5803,0.0085
cold_block_sequence,cold_b9000_d16_bitrev,9000,64,16,1,in_page_shuffle,1,108003739,150976800,10176179,567554,54940259,9366142,52688335,155242,9362239,568635,189180,2576,1.3979,0.1705,0.0029,0.0607,0.0136,67.4023,3.7592,363.8987,62.0370,348.9830,1.0283,62.0111,3.7664,1.2530,0.0171
cold_block_sequence,cold_b10000_d1_linear,10000,64,1,1,linear,1,405581191,280216361,30049379,9974644,239825678,10095886,169551515,143983,10048413,2345681,221271,8918,0.6909,0.0421,0.0008,0.2334,0.0403,107.2363,35.5962,855.8589,36.0289,605.0736,0.5138,35.8595,8.3710,0.7896,0.0318
cold_block_sequence,cold_b10000_d1_bitrev,10000,64,1,1,in_page_shuffle,1,432476455,280225213,30050967,9997053,256882293,10359686,180281434,186819,10357906,2044370,202488,12965,0.6480,0.0403,0.0010,0.1974,0.0640,107.2386,35.6751,916.6994,36.9691,643.3448,0.6667,36.9628,7.2955,0.7226,0.0463
cold_block_sequence,cold_b10000_d2_linear,10000,64,2,1,linear,1,231422222,220216372,20049381,4981515,137462601,10074671,109446615,118232,10050794,928057,241693,3847,0.9516,0.0733,0.0011,0.0923,0.0159,91.0440,22.6210,624.2161,45.7490,496.9958,0.5369,45.6405,4.2143,1.0975,0.0175
cold_block_sequence,cold_b10000_d2_bitrev,10000,64,2,1,in_page_shuffle,1,255272707,220216363,20049379,4970433,159998822,10434046,124545394,192213,10432485,1082064,224233,7061,0.8627,0.0652,0.0015,0.1037,0.0315,91.0440,22.5707,726.5528,47.3809,565.5592,0.8728,47.3738,4.9136,1.0182,0.0321
cold_block_sequence,cold_b10000_d4_linear,10000,64,4,1,linear,1,151612193,190222970,15050565,2489217,76207053,10059579,67436143,152604,10023349,770490,286216,3357,1.2547,0.1320,0.0023,0.0769,0.0117,79.1206,13.0858,400.6196,52.8831,354.5110,0.8022,52.6926,4.0505,1.5046,0.0176
cold_block_sequence,cold_b10000_d4_bitrev,10000,64,4,1,in_page_shuffle,1,179261886,190216368,15049380,2485073,99156225,10448482,85387601,191225,10445384,723396,224857,5367,1.0611,0.1054,0.0022,0.0693,0.0239,79.1172,13.0645,521.2812,54.9295,448.8972,1.0053,54.9132,3.8030,1.1821,0.0282
cold_block_sequence,cold_b10000_d8_linear,10000,64,8,1,linear,1,111180700,175216369,12549385,1244789,48862587,10042397,45606043,153691,9997759,1055597,397948,3221,1.5760,0.2055,0.0034,0.1056,0.0081,71.6222,7.1043,278.8700,57.3143,260.2841,0.8771,57.0595,6.0245,2.2712,0.0184
cold_block_sequence,cold_b10000_d8_bitrev,10000,64,8,1,in_page_shuffle,1,143860209,175216365,12549380,1243507,73857430,10527703,68481294,197639,10520284,913676,232682,2271,1.2180,0.1425,0.0029,0.0868,0.0098,71.6222,7.0970,421.5213,60.0840,390.8385,1.1280,60.0417,5.2146,1.3280,0.0130
cold_block_sequence,cold_b10000_d16_linear,10000,64,16,1,linear,1,87538523,167716371,11299385,629374,37827807,10030688,37081025,154600,10011762,430625,275250,2910,1.9159,0.2652,0.0042,0.0430,0.0106,67.3720,3.7526,225.5463,59.8074,221.0937,0.9218,59.6946,2.5676,1.6412,0.0174
cold_block_sequence,cold_b10000_d16_bitrev,10000,64,16,1,in_page_shuffle,1,129448216,167716368,11299380,629312,63429708,10492388,61572889,198282,10481751,1054743,229190,3707,1.2956,0.1654,0.0032,0.1006,0.0162,67.3720,3.7522,378.1963,62.5603,367.1251,1.1822,62.4969,6.2888,1.3665,0.0221
cold_block_sequence,cold_b11000_d1_linear,11000,64,1,1,linear,1,437220316,308220789,33050173,10975968,256668023,11104963,181704645,161069,11047649,2814051,251729,8634,0.7050,0.0433,0.0009,0.2547,0.0343,107.2289,35.6107,832.7408,36.0292,589.5275,0.5226,35.8433,9.1300,0.8167,0.0280
cold_block_sequence,cold_b11000_d1_bitrev,11000,64,1,1,in_page_shuffle,1,477499222,308220787,33050173,10958733,274655097,11548752,193188980,225209,11541954,2999025,232795,7592,0.6455,0.0420,0.0012,0.2598,0.0326,107.2289,35.5548,891.0986,37.4691,626.7876,0.7307,37.4470,9.7301,0.7553,0.0246
cold_block_sequence,cold_b11000_d2_linear,11000,64,2,1,linear,1,257576716,242216361,22049379,5483663,151522299,11072455,119696272,166919,10982710,2615671,356054,7560,0.9404,0.0731,0.0014,0.2382,0.0212,91.0317,22.6395,625.5659,45.7131,494.1709,0.6891,45.3426,10.7989,1.4700,0.0312
cold_block_sequence,cold_b11000_d2_bitrev,11000,64,2,1,in_page_shuffle,1,297224171,242216365,22049380,5451945,173462891,11688719,135896614,253411,11684554,2102651,301994,9991,0.8149,0.0674,0.0019,0.1800,0.0331,91.0318,22.5086,716.1485,48.2573,561.0546,1.0462,48.2402,8.6809,1.2468,0.0412
cold_block_sequence,cold_b11000_d4_linear,11000,64,4,1,linear,1,174512967,209216427,16549391,2740652,85537166,11064734,75990168,169262,10957359,1937016,309728,2814,1.1989,0.1294,0.0022,0.1768,0.0091,79.1018,13.0996,408.8454,52.8865,363.2132,0.8090,52.3733,9.2584,1.4804,0.0135
cold_block_sequence,cold_b11000_d4_bitrev,11000,64,4,1,in_page_shuffle,1,207714606,209223057,16550580,2728423,107998709,11516465,94129656,255691,11509509,1318753,298559,4178,1.0073,0.1066,0.0027,0.1146,0.0140,79.1050,13.0407,516.1893,55.0440,449.9010,1.2221,55.0107,6.3031,1.4270,0.0200
cold_block_sequence,cold_b11000_d8_linear,11000,64,8,1,linear,1,127863032,192716366,13799379,1376758,55034196,11037712,51806068,169593,10938856,1827223,428600,3245,1.5072,0.2006,0.0033,0.1670,0.0076,71.6046,7.1440,285.5710,57.2744,268.8203,0.8800,56.7614,9.4814,2.2240,0.0168
cold_block_sequence,cold_b11000_d8_bitrev,11000,64,8,1,in_page_shuffle,1,160809390,192715995,13799329,1365888,79783809,11637692,73197515,251743,11630973,1000589,300684,5435,1.1984,0.1459,0.0034,0.0860,0.0181,71.6045,7.0876,413.9968,60.3878,379.8207,1.3063,60.3529,5.1920,1.5602,0.0282
cold_block_sequence,cold_b11000_d16_linear,11000,64,16,1,linear,1,101891351,184472371,12425385,693417,43753841,11026623,42979457,170321,10939213,1520628,303171,4155,1.8105,0.2520,0.0040,0.1390,0.0137,67.3563,3.7589,237.1837,59.7738,232.9859,0.9233,59.3000,8.2431,1.6434,0.0225
cold_block_sequence,cold_b11000_d16_bitrev,11000,64,16,1,in_page_shuffle,1,133767328,184474576,12425777,691951,67591557,11523160,65359607,251900,11517033,630733,306768,3922,1.3791,0.1705,0.0039,0.0548,0.0128,67.3577,3.7509,366.4004,62.4648,354.3014,1.3655,62.4315,3.4191,1.6629,0.0213
cold_block_sequence,cold_b12000_d1_linear,12000,64,1,1,linear,1,472828106,336225275,36050980,11973757,274514917,12108310,194315509,183310,12021285,3917652,298040,9671,0.7111,0.0441,0.0009,0.3259,0.0324,107.2227,35.6123,816.4613,36.0125,577.9325,0.5452,35.7537,11.6519,0.8864,0.0288
cold_block_sequence,cold_b12000_d1_bitrev,12000,64,1,1,in_page_shuffle,1,514073270,336216424,36049391,11976717,293421027,12643578,207679630,260515,12620812,4348618,271925,14467,0.6540,0.0431,0.0013,0.3446,0.0532,107.2208,35.6220,872.7147,37.6055,617.6963,0.7748,37.5378,12.9340,0.8088,0.0430
cold_block_sequence,cold_b12000_d2_linear,12000,64,2,1,linear,1,281900579,264225276,24050980,5982185,162907241,12059807,129286862,186433,11956654,2498855,380300,2166,0.9373,0.0740,0.0014,0.2090,0.0057,91.0245,22.6405,616.5468,45.6421,489.3054,0.7056,45.2517,9.4573,1.4393,0.0082
cold_block_sequence,cold_b12000_d2_bitrev,12000,64,2,1,in_page_shuffle,1,318294983,264216424,24049391,5966028,185062945,12801760,146664287,264621,12777582,2551739,297314,6913,0.8301,0.0692,0.0018,0.1997,0.0233,91.0216,22.5801,700.4218,48.4518,555.0915,1.0015,48.3603,9.6578,1.1253,0.0262
cold_block_sequence,cold_b12000_d4_linear,12000,64,4,1,linear,1,193091778,228220789,18050174,2991888,93598113,12056884,83566570,188316,11956594,2136297,349451,4686,1.1819,0.1288,0.0023,0.1787,0.0134,79.0908,13.1096,410.1209,52.8299,366.1655,0.8251,52.3905,9.3607,1.5312,0.0205
cold_block_sequence,cold_b12000_d4_bitrev,12000,64,4,1,in_page_shuffle,1,223496374,228223193,18050601,2984938,114729375,12687286,100308860,277157,12667042,1875177,334049,7167,1.0211,0.1106,0.0028,0.1480,0.0215,79.0919,13.0790,502.7069,55.5916,439.5209,1.2144,55.5029,8.2164,1.4637,0.0314
cold_block_sequence,cold_b12000_d8_linear,12000,64,8,1,linear,1,137834430,210216363,15049380,1497458,60996062,12035907,56854921,188444,11979596,1401599,491375,2710,1.5251,0.1973,0.0033,0.1170,0.0055,71.5900,7.1234,290.1585,57.2549,270.4591,0.8964,56.9870,6.6674,2.3375,0.0129
cold_block_sequence,cold_b12000_d8_bitrev,12000,64,8,1,in_page_shuffle,1,165426308,210218577,15049777,1493783,82878650,12760886,77752722,188470,12752883,799869,239917,2728,1.2708,0.1540,0.0024,0.0627,0.0114,71.5911,7.1059,394.2499,60.7029,369.8661,0.8965,60.6649,3.8049,1.1413,0.0130
cold_block_sequence,cold_b12000_d16_linear,12000,64,16,1,linear,1,116153127,201218640,13549793,757415,49311687,12026071,48750966,189214,11926570,1697796,349390,3391,1.7324,0.2439,0.0039,0.1424,0.0097,67.3387,3.7641,245.0652,59.7662,242.2786,0.9403,59.2717,8.4376,1.7364,0.0169
cold_block_sequence,cold_b12000_d16_bitrev,12000,64,16,1,in_page_shuffle,1,152599399,201216365,13549380,755875,72426746,12623081,69669958,279853,12601965,1722290,343412,3140,1.3186,0.1743,0.0040,0.1367,0.0091,67.3374,3.7565,359.9446,62.7339,346.2440,1.3908,62.6289,8.5594,1.7067,0.0156
cold_block_sequence,cold_b13000_d1_linear,13000,64,1,1,linear,1,505689835,364218637,39049788,12973448,292580984,13115633,207625627,197410,13001015,4886454,315946,11591,0.7202,0.0448,0.0010,0.3759,0.0367,107.2152,35.6199,803.3114,36.0103,570.0577,0.5420,35.6956,13.4163,0.8675,0.0318
cold_block_sequence,cold_b13000_d1_bitrev,13000,64,1,1,in_page_shuffle,1,557906754,364227487,39051376,13034670,311074253,13877929,220601324,291056,13795416,5653788,323652,14345,0.6528,0.0446,0.0013,0.4098,0.0443,107.2170,35.7872,854.0658,38.1024,605.6691,0.7991,37.8758,15.5227,0.8886,0.0394
cold_block_sequence,cold_b13000_d2_linear,13000,64,2,1,linear,1,306524314,286218638,26049789,6482168,175735333,13063285,139603607,202618,12900168,3520571,398024,10428,0.9338,0.0743,0.0015,0.2729,0.0262,91.0136,22.6476,613.9898,45.6409,487.7516,0.7079,45.0710,12.3003,1.3906,0.0364
cold_block_sequence,cold_b13000_d2_bitrev,13000,64,2,1,in_page_shuffle,1,345198938,286220850,26050184,6476959,198147749,13854040,156475629,334545,13830532,3374895,411557,10878,0.8291,0.0699,0.0021,0.2440,0.0264,91.0143,22.6292,692.2897,48.4033,546.6954,1.1688,48.3212,11.7912,1.4379,0.0380
cold_block_sequence,cold_b13000_d4_linear,13000,64,4,1,linear,1,205938857,247216363,19549379,3241379,101522131,13046532,90852384,203771,12896759,2660865,375711,8969,1.2004,0.1285,0.0022,0.2063,0.0239,79.0780,13.1115,410.6610,52.7737,367.5015,0.8243,52.1679,10.7633,1.5198,0.0363
cold_block_sequence,cold_b13000_d4_bitrev,13000,64,4,1,in_page_shuffle,1,245368909,247220787,19550173,3242181,122827460,13718913,107241900,343972,13697312,2581163,421897,7864,1.0075,0.1117,0.0032,0.1884,0.0186,79.0798,13.1145,496.8331,55.4926,433.7900,1.3914,55.4052,10.4407,1.7066,0.0318
cold_block_sequence,cold_b13000_d8_linear,13000,64,8,1,linear,1,152825041,227716483,16299402,1622094,66344128,13036323,62835671,203926,12870770,2642735,501587,6646,1.4900,0.1965,0.0032,0.2053,0.0132,71.5776,7.1233,291.3453,57.2480,275.9382,0.8955,56.5210,11.6054,2.2027,0.0292
cold_block_sequence,cold_b13000_d8_bitrev,13000,64,8,1,in_page_shuffle,1,196144522,227716365,16299380,1623204,88536103,13824949,82489118,335553,13787282,2653074,401173,7059,1.1610,0.1562,0.0041,0.1924,0.0176,71.5776,7.1282,388.7999,60.7113,362.2450,1.4736,60.5459,11.6508,1.7617,0.0310
cold_block_sequence,cold_b13000_d16_linear,13000,64,16,1,linear,1,128569855,217972368,14675380,821442,54004976,13032151,53312125,204370,12902749,2181411,380524,4041,1.6954,0.2413,0.0038,0.1691,0.0106,67.3268,3.7686,247.7607,59.7881,244.5820,0.9376,59.1944,10.0077,1.7457,0.0185
cold_block_sequence,cold_b13000_d16_bitrev,13000,64,16,1,in_page_shuffle,1,159549195,217979004,14676571,824200,74111104,13694283,72002159,340322,13674507,1554470,423242,7533,1.3662,0.1848,0.0047,0.1137,0.0178,67.3302,3.7811,339.9919,62.8239,330.3169,1.5613,62.7331,7.1313,1.9417,0.0346
cold_block_sequence,cold_b14000_d1_linear,14000,64,1,1,linear,1,541302600,392223061,42050582,13974107,310551946,14112955,220559815,217429,13952684,6455371,360764,16068,0.7246,0.0454,0.0010,0.4627,0.0445,107.2109,35.6280,791.7738,35.9820,562.3326,0.5544,35.5733,16.4584,0.9198,0.0410
cold_block_sequence,cold_b14000_d1_bitrev,14000,64,1,1,in_page_shuffle,1,588200621,392220850,42050185,13972476,325743464,15056731,231414724,325522,14946370,6680338,343860,16589,0.6668,0.0462,0.0014,0.4470,0.0482,107.2105,35.6240,830.5103,38.3884,590.0113,0.8299,38.1070,17.0321,0.8767,0.0423
cold_block_sequence,cold_b14000_d2_linear,14000,64,2,1,linear,1,331796641,308216366,28049379,6981627,189082102,14079540,150974359,218848,13902863,4285021,411090,8904,0.9289,0.0745,0.0014,0.3082,0.0217,91.0055,22.6517,613.4720,45.6807,489.8324,0.7100,45.1075,13.9026,1.3338,0.0289
cold_block_sequence,cold_b14000_d2_bitrev,14000,64,2,1,in_page_shuffle,1,371651697,308216424,28049390,6957251,207120423,15096256,165249966,346647,15035053,4886600,389086,10470,0.8293,0.0729,0.0021,0.3250,0.0269,91.0055,22.5726,671.9967,48.9794,536.1491,1.1247,48.7808,15.8544,1.2624,0.0340
cold_block_sequence,cold_b14000_d4_linear,14000,64,4,1,linear,1,222587971,266218576,21049777,3491089,110502845,14044998,98466350,210862,13817347,3653287,414824,7696,1.1960,0.1271,0.0021,0.2644,0.0186,79.0695,13.1136,415.0831,52.7574,369.8703,0.7921,51.9023,13.7229,1.5582,0.0289
cold_block_sequence,cold_b14000_d4_bitrev,14000,64,4,1,in_page_shuffle,1,263076256,266216363,21049380,3479394,127529543,14922038,111662683,358938,14875589,3606308,402542,9775,1.0119,0.1170,0.0032,0.2424,0.0243,79.0687,13.0698,479.0447,56.0523,419.4433,1.3483,55.8778,13.5465,1.5121,0.0367
cold_block_sequence,cold_b14000_d8_linear,14000,64,8,1,linear,1,169540291,245216363,17549380,1746176,73238074,14042501,69296984,216665,13895595,3022671,468085,5204,1.4464,0.1917,0.0031,0.2175,0.0111,71.5669,7.1210,298.6672,57.2658,282.5953,0.8836,56.6667,12.3265,1.9089,0.0212
cold_block_sequence,cold_b14000_d8_bitrev,14000,64,8,1,in_page_shuffle,1,202336223,245218637,17549788,1744344,91942398,14867650,85753112,359362,14824765,2821125,404199,5891,1.2119,0.1617,0.0042,0.1903,0.0146,71.5679,7.1134,374.9405,60.6302,349.7006,1.4655,60.4553,11.5045,1.6483,0.0240
cold_block_sequence,cold_b14000_d16_linear,14000,64,16,1,linear,1,140448071,234720791,15800174,881661,59558443,14029899,58995282,220294,13907838,2098165,402741,5919,1.6712,0.2356,0.0037,0.1509,0.0147,67.3148,3.7562,253.7417,59.7727,251.3424,0.9385,59.2527,8.9390,1.7158,0.0252
cold_block_sequence,cold_b14000_d16_bitrev,14000,64,16,1,in_page_shuffle,1,174022310,234716554,15799410,879730,77298540,14716064,75245717,358165,14675427,2567821,401279,6665,1.3488,0.1904,0.0048,0.1750,0.0166,67.3127,3.7481,329.3272,62.6972,320.5812,1.5259,62.5240,10.9401,1.7096,0.0284
cold_block_sequence,cold_b15000_d1_linear,15000,64,1,1,linear,1,570291895,420227426,45051364,14969035,328801513,15104837,233830910,234829,14909253,7074475,379601,17215,0.7369,0.0459,0.0010,0.4745,0.0454,107.2071,35.6213,782.4371,35.9444,556.4390,0.5588,35.4790,16.8349,0.9033,0.0410
cold_block_sequence,cold_b15000_d1_bitrev,15000,64,1,1,in_page_shuffle,1,630046308,420220787,45050173,14959493,345047122,16228027,245707998,362261,16071047,8154211,384623,20037,0.6670,0.0470,0.0015,0.5074,0.0521,107.2060,35.5991,821.1091,38.6179,584.7117,0.8621,38.2443,19.4046,0.9153,0.0477
cold_block_sequence,cold_b15000_d2_linear,15000,64,2,1,linear,1,357408108,330218635,30049788,7482103,202249192,15067634,162032908,235577,14792137,5543693,449205,12316,0.9239,0.0745,0.0015,0.3748,0.0274,90.9997,22.6580,612.4706,45.6293,490.6837,0.7134,44.7950,16.7879,1.3603,0.0373
cold_block_sequence,cold_b15000_d2_bitrev,15000,64,2,1,in_page_shuffle,1,397948398,330223122,30050593,7468520,220720145,16203537,170934673,380494,16063856,5734075,419442,13309,0.8298,0.0734,0.0022,0.3570,0.0317,91.0009,22.6166,668.3970,49.0685,517.6339,1.1522,48.6455,17.3642,1.2702,0.0403
cold_block_sequence,cold_b15000_d4_linear,15000,64,4,1,linear,1,239996579,285216424,22549391,3740257,118395905,15047928,106338588,236248,14795018,3927966,447223,2694,1.1884,0.1271,0.0022,0.2655,0.0060,79.0606,13.1138,415.1090,52.7597,372.8347,0.8283,51.8730,13.7719,1.5680,0.0094
cold_block_sequence,cold_b15000_d4_bitrev,15000,64,4,1,in_page_shuffle,1,278103475,285216365,22549380,3734542,133635566,16003352,117844760,376773,15909523,4471477,419884,8978,1.0256,0.1198,0.0032,0.2811,0.0214,79.0606,13.0937,468.5410,56.1095,413.1767,1.3210,55.7805,15.6775,1.4722,0.0315
cold_block_sequence,cold_b15000_d8_linear,15000,64,8,1,linear,1,185212974,262720781,18800172,1870295,78729869,15046825,74901368,235741,14795369,4077482,508545,5909,1.4185,0.1911,0.0031,0.2756,0.0116,71.5595,7.1189,299.6713,57.2731,285.0988,0.8973,56.3159,15.5202,1.9357,0.0225
cold_block_sequence,cold_b15000_d8_bitrev,15000,64,8,1,in_page_shuffle,1,214192510,262718635,18799788,1868264,94970116,15950858,88784729,381739,15868797,3307807,424954,7507,1.2266,0.1680,0.0043,0.2084,0.0177,71.5586,7.1113,361.4898,60.7146,337.9461,1.4530,60.4023,12.5907,1.6175,0.0286
cold_block_sequence,cold_b15000_d16_linear,15000,64,16,1,linear,1,153862429,251474579,16925776,943698,65326359,15036852,64307749,236441,14821956,3459924,425565,5934,1.6344,0.2302,0.0037,0.2334,0.0139,67.3061,3.7527,259.7732,59.7947,255.7227,0.9402,58.9402,13.7585,1.6923,0.0236
cold_block_sequence,cold_b15000_d16_bitrev,15000,64,16,1,in_page_shuffle,1,188465220,251476851,16926187,943953,80199826,15865258,78111400,381369,15810852,3043514,423954,8194,1.3343,0.1978,0.0049,0.1925,0.0193,67.3071,3.7536,318.9153,63.0883,310.6107,1.5165,62.8720,12.1026,1.6859,0.0326
cold_block_sequence,cold_b16000_d1_linear,16000,64,1,1,linear,1,602908143,448220794,48050174,15968962,348140841,16096995,247219460,252058,15880310,8080641,420948,16198,0.7434,0.0462,0.0010,0.5088,0.0385,107.2020,35.6274,776.7173,35.9131,551.5573,0.5624,35.4297,18.0283,0.9392,0.0361
cold_block_sequence,cold_b16000_d1_bitrev,16000,64,1,1,in_page_shuffle,1,663453323,448216620,48049422,15982331,359174571,17395934,256615454,405171,17145357,9846466,437075,20317,0.6756,0.0484,0.0016,0.5743,0.0465,107.2013,35.6576,801.3415,38.8114,572.5255,0.9040,38.2524,21.9681,0.9751,0.0453
cold_block_sequence,cold_b16000_d2_linear,16000,64,2,1,linear,1,381580331,352216361,32049379,7980407,215403955,16090037,172019688,252159,15786877,6115617,471125,11272,0.9230,0.0747,0.0015,0.3874,0.0239,90.9934,22.6577,611.5671,45.6823,488.3921,0.7159,44.8215,17.3632,1.3376,0.0320
cold_block_sequence,cold_b16000_d2_bitrev,16000,64,2,1,in_page_shuffle,1,421422179,352220480,32050133,7979504,225153235,16988558,179695897,415994,16847854,6272627,450121,15698,0.8358,0.0755,0.0023,0.3723,0.0349,90.9945,22.6549,639.2395,48.2327,510.1801,1.1811,47.8333,17.8088,1.2780,0.0446
cold_block_sequence,cold_b16000_d4_linear,16000,64,4,1,linear,1,257939478,304215995,24049329,3990475,126865401,16053781,114460265,252422,15765833,4731842,478788,7429,1.1794,0.1265,0.0022,0.3001,0.0155,79.0535,13.1172,417.0241,52.7710,376.2467,0.8297,51.8245,15.5542,1.5738,0.0244
cold_block_sequence,cold_b16000_d4_bitrev,16000,64,4,1,in_page_shuffle,1,279602453,304216361,24049379,3989684,129737823,16753853,114196454,420772,16661461,4841603,440960,8883,1.0880,0.1291,0.0037,0.2906,0.0201,79.0535,13.1146,426.4656,55.0722,375.3791,1.3831,54.7685,15.9150,1.4495,0.0292
cold_block_sequence,cold_b16000_d8_linear,16000,64,8,1,linear,1,198268529,280218639,20049789,1995895,85105297,16048901,81042628,252049,15839539,3974056,514953,8049,1.4133,0.1886,0.0031,0.2509,0.0156,71.5505,7.1226,303.7103,57.2728,289.2121,0.8995,56.5256,14.1820,1.8377,0.0287
cold_block_sequence,cold_b16000_d8_bitrev,16000,64,8,1,in_page_shuffle,1,218294267,280220607,20050153,1996753,87530150,16850776,81522551,414474,16721123,5070587,430419,9735,1.2837,0.1925,0.0051,0.3032,0.0226,71.5513,7.1256,312.3616,60.1340,290.9228,1.4791,59.6713,18.0950,1.5360,0.0347
cold_block_sequence,cold_b16000_d16_linear,16000,64,16,1,linear,1,165994904,268216425,18049391,1005205,70755387,16037817,68947659,252398,15826664,3864003,450007,4562,1.6158,0.2267,0.0037,0.2441,0.0101,67.2941,3.7477,263.7996,59.7943,257.0598,0.9410,59.0071,14.4063,1.6778,0.0170
cold_block_sequence,cold_b16000_d16_bitrev,16000,64,16,1,in_page_shuffle,1,175237009,268216366,18049379,1006232,70308312,16703637,68605299,410260,16640138,4030150,428818,8196,1.5306,0.2376,0.0060,0.2422,0.0191,67.2941,3.7516,262.1328,62.2767,255.7834,1.5296,62.0400,15.0257,1.5988,0.0306
cold_block_sequence,cold_b17000_d1_linear,17000,64,1,1,linear,1,634955177,476220851,51050185,16972391,366702630,17097562,260571351,264900,16834999,9289001,443425,19501,0.7500,0.0466,0.0010,0.5518,0.0440,107.1986,35.6397,770.0264,35.9026,547.1649,0.5563,35.3512,19.5057,0.9311,0.0409
cold_block_sequence,cold_b17000_d1_bitrev,17000,64,1,1,in_page_shuffle,1,701266279,476216361,51049379,16939877,381246377,18715846,272569370,433046,18432896,10564669,454730,23580,0.6791,0.0491,0.0016,0.5731,0.0519,107.1979,35.5718,800.5739,39.3011,572.3646,0.9093,38.7070,22.1846,0.9549,0.0495
cold_block_sequence,cold_b17000_d2_linear,17000,64,2,1,linear,1,406079018,374220787,34050173,8482761,228606740,17074523,183160764,267705,16721853,7046910,514883,17702,0.9215,0.0747,0.0015,0.4214,0.0344,90.9895,22.6678,610.8873,45.6269,489.4457,0.7154,44.6845,18.8309,1.3759,0.0473
cold_block_sequence,cold_b17000_d2_bitrev,17000,64,2,1,in_page_shuffle,1,444902723,374223063,34050582,8462412,243123697,18483464,194354956,435789,18378476,7519159,484270,11675,0.8411,0.0760,0.0022,0.4091,0.0241,90.9901,22.6133,649.6759,49.3916,519.3559,1.1645,49.1110,20.0927,1.2941,0.0312
cold_block_sequence,cold_b17000_d4_linear,17000,64,4,1,linear,1,273623129,323216363,25549380,4242139,135688618,17055858,122002612,264525,16696266,5558848,487061,10098,1.1812,0.1257,0.0022,0.3329,0.0207,79.0473,13.1248,419.8074,52.7692,377.4642,0.8184,51.6566,17.1985,1.5069,0.0312
cold_block_sequence,cold_b17000_d4_bitrev,17000,64,4,1,in_page_shuffle,1,310401827,323220787,25550173,4233639,145739312,18113951,128292051,446706,17942895,6851483,502941,8535,1.0413,0.1243,0.0035,0.3818,0.0170,79.0487,13.0983,450.8971,56.0420,396.9177,1.3820,55.5128,21.1975,1.5560,0.0264
cold_block_sequence,cold_b17000_d8_linear,17000,64,8,1,linear,1,213408934,297720788,21300174,2121567,91034907,17047258,86895987,267043,16705711,5358171,521699,9064,1.3951,0.1873,0.0031,0.3207,0.0174,71.5441,7.1260,305.7728,57.2592,291.8707,0.8970,56.1120,17.9973,1.7523,0.0304
cold_block_sequence,cold_b17000_d8_bitrev,17000,64,8,1,in_page_shuffle,1,246481746,297720985,21300204,2118487,103682061,18001810,96946337,444271,17900531,5319279,507552,13062,1.2079,0.1736,0.0046,0.2972,0.0257,71.5442,7.1157,348.2524,60.4654,325.6282,1.4922,60.1252,17.8667,1.7048,0.0439
cold_block_sequence,cold_b17000_d16_linear,17000,64,16,1,linear,1,177089102,284974577,19175777,1071608,75731297,17033859,74467902,267501,16760844,4294668,473446,7578,1.6092,0.2249,0.0036,0.2562,0.0160,67.2894,3.7604,265.7476,59.7733,261.3142,0.9387,58.8152,15.0704,1.6614,0.0266
cold_block_sequence,cold_b17000_d16_bitrev,17000,64,16,1,in_page_shuffle,1,205522580,284974635,19175788,1070309,83416843,17885583,81448309,440395,17809286,4756548,505607,9754,1.3866,0.2144,0.0054,0.2671,0.0193,67.2895,3.7558,292.7167,62.7620,285.8090,1.5454,62.4943,16.6911,1.7742,0.0342
cold_block_sequence,cold_b18000_d1_linear,18000,64,1,1,linear,1,669366184,504223006,54050571,17971379,387157602,18099796,275642920,285298,17807133,10235201,472712,19775,0.7533,0.0468,0.0010,0.5748,0.0418,107.1958,35.6417,767.8301,35.8964,546.6687,0.5658,35.3160,20.2990,0.9375,0.0392
cold_block_sequence,cold_b18000_d1_bitrev,18000,64,1,1,in_page_shuffle,1,741393568,504220848,54050185,17967046,400593675,19798188,287439869,459428,19405749,12048196,522249,23765,0.6801,0.0494,0.0016,0.6209,0.0455,107.1955,35.6333,794.4806,39.2649,570.0674,0.9112,38.4866,23.8947,1.0358,0.0471
cold_block_sequence,cold_b18000_d2_linear,18000,64,2,1,linear,1,429687974,396220850,36050185,8981699,241776935,18082069,193888794,283978,17651903,7787440,525004,13238,0.9221,0.0748,0.0015,0.4412,0.0252,90.9851,22.6684,610.2075,45.6363,489.3453,0.7167,44.5507,19.6543,1.3250,0.0334
cold_block_sequence,cold_b18000_d2_bitrev,18000,64,2,1,in_page_shuffle,1,467730218,396216427,36049391,8973768,254907933,19436368,203953739,471478,19217180,8822509,511775,18540,0.8471,0.0762,0.0023,0.4591,0.0362,90.9841,22.6487,643.3553,49.0549,514.7534,1.1900,48.5017,22.2669,1.2917,0.0468
cold_block_sequence,cold_b18000_d4_linear,18000,64,4,1,linear,1,291857239,342220790,27050173,4492697,143902052,18054542,129205598,283812,17583143,6645963,543839,14679,1.1726,0.1255,0.0022,0.3780,0.0270,79.0430,13.1281,420.4948,52.7570,377.5504,0.8293,51.3795,19.4201,1.5891,0.0429
cold_block_sequence,cold_b18000_d4_bitrev,18000,64,4,1,in_page_shuffle,1,325428514,342225274,27050979,4489541,150794573,19275961,133547838,470871,19068405,7173217,514364,13836,1.0516,0.1278,0.0035,0.3762,0.0269,79.0444,13.1187,440.6296,56.3254,390.2337,1.3759,55.7189,20.9605,1.5030,0.0404
cold_block_sequence,cold_b18000_d8_linear,18000,64,8,1,linear,1,229086745,315227474,22551373,2248576,97408944,18054410,92611434,283420,17700579,5820713,557126,9445,1.3760,0.1853,0.0031,0.3288,0.0170,71.5400,7.1332,309.0116,57.2742,293.7924,0.8991,56.1518,18.4651,1.7674,0.0300
cold_block_sequence,cold_b18000_d8_bitrev,18000,64,8,1,in_page_shuffle,1,258717482,315216429,22549392,2250033,107017522,19116328,100422728,468278,18959864,6070715,497508,9171,1.2184,0.1786,0.0047,0.3202,0.0184,71.5362,7.1381,339.5049,60.6451,318.5834,1.4856,60.1487,19.2589,1.5783,0.0291
cold_block_sequence,cold_b18000_d16_linear,18000,64,16,1,linear,1,191083816,301718637,20299788,1133760,81011896,18039261,79374647,283586,17694083,5355136,484174,7457,1.5790,0.2227,0.0036,0.3027,0.0154,67.2805,3.7577,268.5015,59.7884,263.0751,0.9399,58.6443,17.7488,1.6047,0.0247
cold_block_sequence,cold_b18000_d16_bitrev,18000,64,16,1,in_page_shuffle,1,215691841,301716424,20299391,1133638,87041281,18932816,84802063,462452,18804030,5849994,499790,10617,1.3988,0.2175,0.0055,0.3111,0.0212,67.2797,3.7573,288.4870,62.7504,281.0655,1.5327,62.3235,19.3890,1.6565,0.0352
cold_block_sequence,cold_b19000_d1_linear,19000,64,1,1,linear,1,705041724,532227125,57051327,18973729,407210740,19081570,290067953,301985,18775779,10747127,506327,26917,0.7549,0.0469,0.0010,0.5724,0.0532,107.1936,35.6497,765.1071,35.8523,545.0078,0.5674,35.2778,20.1927,0.9513,0.0506
cold_block_sequence,cold_b19000_d1_bitrev,19000,64,1,1,in_page_shuffle,1,773353345,532216422,57049391,18946547,420925539,21086954,301536036,512163,20640738,12955365,558637,32918,0.6882,0.0501,0.0017,0.6277,0.0589,107.1921,35.5993,790.8917,39.6210,566.5666,0.9623,38.7826,24.3423,1.0496,0.0619
cold_block_sequence,cold_b19000_d2_linear,19000,64,2,1,linear,1,453746266,418220787,38050173,9482858,253509561,19092653,204506143,300746,18608835,8736967,561474,15932,0.9217,0.0753,0.0015,0.4695,0.0284,90.9811,22.6743,606.1620,45.6521,488.9909,0.7191,44.4952,20.8908,1.3425,0.0381
cold_block_sequence,cold_b19000_d2_bitrev,19000,64,2,1,in_page_shuffle,1,494073919,418223063,38050582,9455785,268397700,20809463,214726217,533270,20569708,10118804,569464,20172,0.8465,0.0775,0.0025,0.4919,0.0354,90.9815,22.6094,641.7573,49.7569,513.4251,1.2751,49.1836,24.1948,1.3616,0.0482
cold_block_sequence,cold_b19000_d4_linear,19000,64,4,1,linear,1,308974278,361220848,28550185,4741574,151831840,19051493,137003084,299977,18454061,7418756,556871,10050,1.1691,0.1255,0.0022,0.4020,0.0180,79.0380,13.1265,420.3297,52.7420,379.2779,0.8305,51.0880,20.5380,1.5416,0.0278
cold_block_sequence,cold_b19000_d4_bitrev,19000,64,4,1,in_page_shuffle,1,345145789,361223000,28550570,4728910,159498127,20459472,140781229,534593,20276136,8050335,562164,15264,1.0466,0.1283,0.0038,0.3970,0.0272,79.0386,13.0914,441.5503,56.6394,389.7350,1.4800,56.1319,22.2863,1.5563,0.0423
cold_block_sequence,cold_b19000_d8_linear,19000,64,8,1,linear,1,242679410,332716424,23799392,2372800,104057794,19053490,98776624,299632,18608138,6667112,562302,12038,1.3710,0.1831,0.0030,0.3583,0.0214,71.5306,7.1316,312.7522,57.2665,296.8793,0.9006,55.9279,20.0384,1.6900,0.0362
cold_block_sequence,cold_b19000_d8_bitrev,19000,64,8,1,in_page_shuffle,1,274560555,332718582,23799778,2366759,112221540,20331882,106032690,527902,20152562,7052239,550853,9902,1.2118,0.1812,0.0050,0.3499,0.0180,71.5313,7.1134,337.2867,61.1083,318.6858,1.5866,60.5694,21.1958,1.6556,0.0298
cold_block_sequence,cold_b19000_d16_linear,19000,64,16,1,linear,1,203265915,318472424,21425392,1189464,86176285,19033599,84368103,299494,18618474,5939719,501596,8738,1.5668,0.2209,0.0035,0.3190,0.0174,67.2755,3.7349,270.5926,59.7653,264.9149,0.9404,58.4618,18.6507,1.5750,0.0274
cold_block_sequence,cold_b19000_d16_bitrev,19000,64,16,1,in_page_shuffle,1,233810720,318479229,21426608,1189937,91904800,20187444,89778385,516507,20059830,6211365,539507,9102,1.3621,0.2197,0.0058,0.3096,0.0169,67.2779,3.7363,288.5739,63.3870,281.8971,1.6218,62.9863,19.5032,1.6940,0.0286
cold_block_sequence,cold_b20000_d1_linear,20000,64,1,1,linear,1,740006704,560220848,60050185,19972434,427601862,20099871,304339438,316895,19760252,12186767,529142,24246,0.7570,0.0470,0.0010,0.6167,0.0458,107.1902,35.6510,763.2737,35.8785,543.2490,0.5657,35.2723,21.7535,0.9445,0.0433
cold_block_sequence,cold_b20000_d1_bitrev,20000,64,1,1,in_page_shuffle,1,814730718,560223004,60050572,19995669,440849652,22128411,315929020,526709,21669293,14421481,570923,30681,0.6876,0.0502,0.0017,0.6655,0.0537,107.1905,35.6923,786.9182,39.4993,563.9344,0.9402,38.6798,25.7424,1.0191,0.0548
cold_block_sequence,cold_b20000_d2_linear,20000,64,2,1,linear,1,478107720,440218696,40049799,9981839,267868391,20085669,215244237,315838,19511903,9668133,580139,21038,0.9208,0.0750,0.0015,0.4955,0.0363,90.9771,22.6747,608.4894,45.6266,488.9484,0.7175,44.3232,21.9621,1.3178,0.0478
cold_block_sequence,cold_b20000_d2_bitrev,20000,64,2,1,in_page_shuffle,1,524891002,440225274,40050979,9966794,282828266,21693310,225993455,533452,21424795,10983177,572503,26553,0.8387,0.0767,0.0024,0.5126,0.0464,90.9784,22.6402,642.4626,49.2777,513.3587,1.2118,48.6678,24.9490,1.3005,0.0603
cold_block_sequence,cold_b20000_d4_linear,20000,64,4,1,linear,1,327141905,380218638,30049789,4991499,160248271,20044532,144668350,315023,19411637,8179602,587836,16109,1.1622,0.1251,0.0022,0.4214,0.0274,79.0329,13.1280,421.4635,52.7184,380.4873,0.8285,51.0539,21.5129,1.5460,0.0424
cold_block_sequence,cold_b20000_d4_bitrev,20000,64,4,1,in_page_shuffle,1,364677698,380220854,30050186,4985344,167035487,21366699,148260717,531301,21109035,9128456,554656,11891,1.0426,0.1279,0.0036,0.4324,0.0214,79.0335,13.1117,439.3117,56.1955,389.9332,1.3973,55.5178,24.0083,1.4588,0.0313
cold_block_sequence,cold_b20000_d8_linear,20000,64,8,1,linear,1,256142353,350216364,25049379,2495587,111010896,20062912,104798983,308462,19530553,7638843,539964,11521,1.3673,0.1807,0.0029,0.3911,0.0213,71.5254,7.1258,316.9780,57.2872,299.2407,0.8808,55.7671,21.8118,1.5418,0.0329
cold_block_sequence,cold_b20000_d8_bitrev,20000,64,8,1,in_page_shuffle,1,295823277,350220789,25050173,2494512,119139761,21436752,112291465,535811,21166951,8445137,561825,13681,1.1839,0.1799,0.0048,0.3990,0.0244,71.5268,7.1227,340.1847,61.2093,320.6305,1.5299,60.4389,24.1138,1.6042,0.0391
cold_block_sequence,cold_b20000_d16_linear,20000,64,16,1,linear,1,215473425,335216365,22549380,1250174,91497754,20032445,90083621,314692,19570867,6827868,517796,7481,1.5557,0.2189,0.0035,0.3489,0.0144,67.2681,3.7295,272.9513,59.7597,268.7328,0.9388,58.3828,20.3685,1.5447,0.0223
cold_block_sequence,cold_b20000_d16_bitrev,20000,64,16,1,in_page_shuffle,1,242738603,335216363,22549379,1251535,95646665,21106766,93258177,523247,20934454,7309688,546066,13626,1.3810,0.2207,0.0056,0.3492,0.0250,67.2681,3.7335,285.3282,62.9646,278.2029,1.5609,62.4506,21.8059,1.6290,0.0406
